customer_id,age,gender,tenure_months,contract_type,payment_method,monthly_charges,total_charges,num_support_tickets,has_churned,avg_charge_per_month,tenure_group,high_support,is_senior,signup_year,signup_month,signup_day
CUST00121,43.0,female,70.0,month-to-month,credit card,59.74,4178.01,0.0,No,59.685857142857145,4+ Years,0,0,2019,9,17
CUST00178,27.0,female,47.0,two year,bank transfer,112.67,5319.53,2.0,Yes,113.18148936170212,2-4 Years,0,0,2022,3,13
CUST00222,43.0,female,0.0,one year,credit card,69.5,0.0,1.0,Yes,0.0,,0,0,2021,11,24
CUST00378,60.0,male,44.0,one year,electronic check,87.66,3832.18,3.0,Yes,87.095,2-4 Years,1,1,2022,10,25
CUST00279,21.0,female,50.0,month-to-month,electronic check,54.93,2125.99,1.0,No,42.5198,4+ Years,0,0,2022,5,24
CUST00133,23.0,female,70.0,month-to-month,mailed check,58.99,2125.99,1.0,No,30.371285714285712,4+ Years,0,0,2020,7,10
CUST00214,43.0,male,14.0,month-to-month,credit card,120.52,1688.4,0.0,Yes,120.6,1-2 Years,0,0,2022,4,28
CUST00053,38.0,female,56.0,month-to-month,electronic check,29.78,1665.94,0.0,No,29.74892857142857,4+ Years,0,0,2022,9,27
CUST00243,23.0,female,16.0,two year,bank transfer,49.6,782.19,1.0,No,48.886875,1-2 Years,0,0,2021,6,8
CUST00366,47.0,female,71.0,month-to-month,credit card,48.45,3441.05,2.0,Yes,48.46549295774648,4+ Years,0,0,2019,6,26
CUST00156,55.0,male,56.0,month-to-month,electronic check,69.94,3903.04,2.0,No,69.69714285714285,4+ Years,0,0,2023,11,12
CUST00406,46.0,female,28.0,month-to-month,credit card,104.8,2950.81,1.0,Yes,105.38607142857144,2-4 Years,0,0,2020,2,27
CUST00083,27.0,female,8.0,one year,mailed check,51.38,421.57,0.0,Yes,52.69625,New,0,0,2019,12,26
CUST00254,36.0,male,23.0,month-to-month,electronic check,105.25,2125.99,2.0,Yes,92.43434782608696,1-2 Years,0,0,2019,10,31
CUST00201,38.0,female,56.0,month-to-month,electronic check,65.63,2125.99,2.0,No,37.96410714285714,4+ Years,0,0,2020,4,4
CUST00052,29.0,female,25.0,two year,mailed check,54.65,1366.32,1.0,No,54.6528,2-4 Years,0,0,2021,2,27
CUST00269,52.0,female,1.0,two year,credit card,67.8,87.85,1.0,Yes,87.85,New,0,0,2021,6,8
CUST00031,43.0,female,16.0,one year,electronic check,133.3,2125.35,2.0,No,132.834375,1-2 Years,0,0,2021,6,8
CUST00259,27.0,female,35.0,two year,bank transfer,81.75,2847.21,2.0,No,81.34885714285714,2-4 Years,0,0,2019,8,14
CUST00140,42.0,male,21.0,month-to-month,credit card,84.6,1784.88,0.0,No,84.99428571428572,1-2 Years,0,0,2019,2,13
CUST00081,71.0,female,38.0,month-to-month,mailed check,97.75,3713.9,1.0,Yes,97.7342105263158,2-4 Years,0,1,2023,9,20
CUST00146,66.0,female,11.0,two year,electronic check,63.0,698.33,2.0,Yes,63.48454545454546,New,0,1,2019,8,17
CUST00057,49.0,male,51.0,month-to-month,bank transfer,69.5,1075.55,0.0,Yes,21.08921568627451,4+ Years,0,0,2020,10,29
CUST00116,50.0,female,69.0,two year,credit card,69.5,6256.07,2.0,Yes,90.66768115942028,4+ Years,0,0,2019,8,2
CUST00396,67.0,female,16.0,month-to-month,bank transfer,38.39,613.25,2.0,No,38.328125,1-2 Years,0,1,2020,5,16
CUST00411,27.0,female,54.0,month-to-month,credit card,95.49,5128.05,1.0,No,94.96388888888887,4+ Years,0,0,2021,12,2
CUST00032,30.0,female,61.0,month-to-month,bank transfer,107.0,6533.14,0.0,No,107.10065573770493,4+ Years,0,0,2021,4,13
CUST00303,18.0,male,17.0,two year,credit card,61.77,1057.99,0.0,No,62.23470588235294,1-2 Years,0,0,2019,10,14
CUST00149,64.0,male,0.0,month-to-month,credit card,75.44,2125.99,1.0,Yes,2125.99,,0,1,2023,5,10
CUST00335,44.0,male,50.0,month-to-month,electronic check,69.5,3463.41,0.0,No,69.2682,4+ Years,0,0,2019,12,13
CUST00394,52.0,female,42.0,one year,credit card,65.76,2766.52,1.0,No,65.86952380952381,2-4 Years,0,0,2021,6,8
CUST00363,45.0,male,66.0,two year,electronic check,82.38,2125.99,3.0,No,32.211969696969696,4+ Years,1,0,2023,3,18
CUST00171,24.0,female,33.0,one year,electronic check,100.44,3302.41,1.0,No,100.0730303030303,2-4 Years,0,0,2020,7,7
CUST00188,39.0,male,69.0,month-to-month,bank transfer,69.5,7901.28,2.0,No,114.51130434782608,4+ Years,0,0,2022,6,21
CUST00110,58.0,female,45.0,month-to-month,credit card,88.49,3999.22,1.0,Yes,88.87155555555555,2-4 Years,0,0,2021,4,3
CUST00249,62.0,female,62.0,month-to-month,bank transfer,67.83,4194.69,1.0,Yes,67.65629032258065,4+ Years,0,1,2023,2,9
CUST00314,34.0,female,58.0,month-to-month,electronic check,57.16,3317.28,1.0,No,57.19448275862069,4+ Years,0,0,2023,8,3
CUST00239,35.0,male,33.0,one year,bank transfer,69.5,3547.59,2.0,No,107.50272727272728,2-4 Years,0,0,2022,8,21
CUST00148,31.0,female,62.0,month-to-month,mailed check,47.97,2980.78,2.0,No,48.07709677419355,4+ Years,0,0,2019,9,21
CUST00003,55.0,male,32.0,month-to-month,credit card,139.19,4430.9,1.0,No,138.465625,2-4 Years,0,0,2020,4,3
CUST00130,54.0,female,65.0,month-to-month,bank transfer,40.28,2614.6,0.0,No,40.22461538461538,4+ Years,0,0,2019,6,18
CUST00323,53.0,male,37.0,two year,mailed check,76.7,2836.77,2.0,No,76.66945945945946,2-4 Years,0,0,2020,1,28
CUST00351,48.0,male,55.0,month-to-month,bank transfer,32.86,1811.6,1.0,Yes,32.93818181818182,4+ Years,0,0,2019,9,10
CUST00386,24.0,male,21.0,two year,mailed check,42.85,2125.99,3.0,No,101.23761904761903,1-2 Years,1,0,2022,9,13
CUST00174,59.0,male,34.5,two year,bank transfer,78.97,3156.49,0.0,No,91.49246376811594,2-4 Years,0,0,2021,6,8
CUST00377,45.0,male,11.0,month-to-month,electronic check,68.73,750.58,0.0,No,68.23454545454545,New,0,0,2020,12,14
CUST00061,70.0,male,8.0,month-to-month,bank transfer,47.81,394.39,2.0,Yes,49.29875,New,0,1,2021,11,23
CUST00403,36.0,female,13.0,month-to-month,credit card,46.39,582.9,0.0,Yes,44.83846153846154,1-2 Years,0,0,2021,11,14
CUST00189,31.0,male,53.0,one year,electronic check,64.66,3432.87,1.0,No,64.7711320754717,4+ Years,0,0,2023,4,20
CUST00373,41.0,male,6.0,one year,bank transfer,80.01,468.68,3.0,No,78.11333333333333,New,1,0,2020,5,20
CUST00298,43.0,female,55.0,month-to-month,mailed check,69.5,2494.06,0.0,No,45.346545454545456,4+ Years,0,0,2021,9,4
CUST00027,40.0,male,65.0,two year,mailed check,109.25,7110.26,0.0,No,109.3886153846154,4+ Years,0,0,2019,8,21
CUST00414,25.0,male,54.0,one year,bank transfer,58.25,3131.5,1.0,No,57.99074074074074,4+ Years,0,0,2021,10,24
CUST00255,55.0,female,34.5,one year,electronic check,77.74,1337.28,1.0,No,38.76173913043478,2-4 Years,0,0,2022,4,10
CUST00163,41.0,male,42.0,month-to-month,bank transfer,66.95,2809.01,0.0,No,66.88119047619048,2-4 Years,0,0,2023,4,13
CUST00379,39.0,female,13.0,one year,mailed check,68.13,899.2,1.0,No,69.16923076923078,1-2 Years,0,0,2022,3,28
CUST00260,51.0,female,33.0,month-to-month,credit card,69.5,2916.63,4.0,Yes,88.38272727272728,2-4 Years,1,0,2020,8,6
CUST00213,62.0,male,32.0,month-to-month,mailed check,62.2,2021.31,0.0,No,63.1659375,2-4 Years,0,1,2019,8,6
CUST00066,36.0,male,13.0,one year,electronic check,84.72,1082.14,2.0,Yes,83.24153846153847,1-2 Years,0,0,2020,11,8
CUST00397,20.0,female,61.0,month-to-month,electronic check,40.76,2503.89,0.0,No,41.04737704918033,4+ Years,0,0,2023,4,27
CUST00090,65.0,female,42.0,one year,mailed check,59.11,2479.07,3.0,No,59.0254761904762,2-4 Years,1,1,2021,8,3
CUST00246,22.0,male,17.0,one year,electronic check,104.31,1745.45,1.0,No,102.6735294117647,1-2 Years,0,0,2019,1,21
CUST00160,62.0,female,34.0,month-to-month,bank transfer,50.95,1709.2,2.0,Yes,50.27058823529412,2-4 Years,0,1,2023,10,21
CUST00015,58.0,male,54.0,month-to-month,mailed check,107.55,5797.71,2.0,Yes,107.365,4+ Years,0,0,2023,10,20
CUST00142,30.0,male,17.0,two year,mailed check,70.91,1213.16,1.0,No,71.36235294117648,1-2 Years,0,0,2023,8,22
CUST00194,45.0,male,17.0,two year,electronic check,60.71,1013.31,1.0,No,59.60647058823529,1-2 Years,0,0,2022,4,27
CUST00004,43.0,female,59.0,month-to-month,bank transfer,90.86,5338.77,1.0,Yes,90.48762711864408,4+ Years,0,0,2021,6,8
CUST00304,69.0,male,66.0,two year,mailed check,64.65,4275.48,0.0,Yes,64.77999999999999,4+ Years,0,1,2021,10,29
CUST00205,44.0,male,61.0,month-to-month,mailed check,85.36,5205.94,0.0,No,85.34327868852458,4+ Years,0,0,2020,5,15
CUST00224,29.0,female,8.0,one year,mailed check,90.99,754.93,2.0,Yes,94.36625,New,0,0,2020,10,19
CUST00328,20.0,male,5.0,month-to-month,bank transfer,52.5,252.0,2.0,Yes,50.4,New,0,0,2022,1,9
CUST00282,45.0,female,17.0,month-to-month,bank transfer,53.03,922.88,2.0,No,54.28705882352941,1-2 Years,0,0,2019,1,22
CUST00166,64.0,male,58.0,month-to-month,bank transfer,100.8,5853.29,0.0,No,100.91879310344828,4+ Years,0,1,2021,6,8
CUST00289,48.0,male,35.0,one year,mailed check,108.43,3823.92,1.0,No,109.25485714285716,2-4 Years,0,0,2022,3,26
CUST00029,49.0,male,7.0,month-to-month,bank transfer,61.19,424.45,2.0,Yes,60.635714285714286,New,0,0,2023,3,29
CUST00042,61.0,female,28.0,one year,bank transfer,15.0,387.07,6.0,No,13.82392857142857,2-4 Years,1,1,2020,5,1
CUST00221,25.0,female,10.0,two year,credit card,79.73,2125.99,3.0,No,212.599,New,1,0,2021,1,11
CUST00023,28.0,female,28.0,one year,mailed check,73.75,2039.16,3.0,No,72.82714285714286,2-4 Years,1,0,2023,2,4
CUST00297,66.0,male,64.0,month-to-month,electronic check,72.25,4600.52,0.0,No,71.883125,4+ Years,0,1,2023,7,27
CUST00033,23.0,male,31.0,two year,credit card,97.98,3049.91,1.0,No,98.38419354838707,2-4 Years,0,0,2019,12,30
CUST00119,31.0,female,36.0,month-to-month,credit card,83.53,3011.0,2.0,No,83.63888888888889,2-4 Years,0,0,2019,8,3
CUST00264,70.0,male,10.0,two year,mailed check,69.5,761.93,2.0,No,76.193,New,0,1,2023,9,20
CUST00058,26.0,male,42.0,month-to-month,bank transfer,87.65,3686.98,0.0,Yes,87.7852380952381,2-4 Years,0,0,2021,11,24
CUST00383,72.0,male,32.0,two year,mailed check,69.5,2322.47,1.0,No,72.5771875,2-4 Years,0,1,2020,8,20
CUST00063,38.0,male,39.0,month-to-month,bank transfer,58.95,2320.19,1.0,Yes,59.492051282051285,2-4 Years,0,0,2019,5,16
CUST00353,35.0,female,48.0,two year,mailed check,26.09,1262.67,0.0,Yes,26.305625000000003,2-4 Years,0,0,2023,7,3
CUST00307,35.0,male,69.0,one year,bank transfer,69.5,5875.01,3.0,No,85.14507246376812,4+ Years,1,0,2020,4,4
CUST00085,53.0,female,13.0,month-to-month,mailed check,85.41,1121.09,0.0,No,86.2376923076923,1-2 Years,0,0,2019,1,12
CUST00361,66.0,male,19.0,one year,credit card,104.98,1998.29,1.0,Yes,105.17315789473685,1-2 Years,0,1,2019,8,28
CUST00315,31.0,female,10.0,month-to-month,bank transfer,77.28,766.08,1.0,No,76.608,New,0,0,2023,8,10
CUST00355,73.0,female,4.0,two year,bank transfer,102.17,422.35,1.0,Yes,105.5875,New,0,1,2023,4,10
CUST00115,46.0,female,63.0,two year,credit card,89.22,5640.77,2.0,No,89.53603174603175,4+ Years,0,0,2023,7,18
CUST00147,19.0,female,24.0,month-to-month,credit card,115.41,2765.35,1.0,Yes,115.22291666666666,1-2 Years,0,0,2019,12,15
CUST00299,34.0,male,71.0,month-to-month,credit card,68.61,4854.65,0.0,Yes,68.37535211267605,4+ Years,0,0,2020,9,1
CUST00102,29.0,male,4.0,two year,bank transfer,46.05,161.02,2.0,Yes,40.255,New,0,0,2021,9,29
CUST00245,53.0,male,43.0,two year,credit card,101.66,4364.33,0.0,No,101.49604651162792,2-4 Years,0,0,2021,6,8
CUST00267,43.0,male,22.0,month-to-month,bank transfer,56.41,1221.56,0.0,No,55.525454545454544,1-2 Years,0,0,2023,8,2
CUST00398,29.0,male,62.0,month-to-month,mailed check,37.45,2335.87,0.0,No,37.67532258064516,4+ Years,0,0,2022,6,30
CUST00112,62.0,male,24.0,month-to-month,electronic check,135.09,3234.69,0.0,Yes,134.77875,1-2 Years,0,1,2019,2,6
CUST00097,31.0,male,24.0,two year,mailed check,31.95,797.64,0.0,No,33.235,1-2 Years,0,0,2023,2,11
CUST00415,19.0,female,51.0,month-to-month,mailed check,65.83,2125.99,0.0,No,41.68607843137254,4+ Years,0,0,2019,11,12
CUST00099,54.0,male,7.0,two year,electronic check,44.54,283.36,1.0,No,40.48,New,0,0,2023,2,25
CUST00284,45.0,female,40.0,month-to-month,credit card,93.26,3743.18,1.0,Yes,93.5795,2-4 Years,0,0,2020,3,22
CUST00175,57.0,male,23.0,month-to-month,mailed check,92.63,2136.59,0.0,Yes,92.89521739130436,1-2 Years,0,0,2021,6,8
CUST00203,46.0,male,3.0,one year,credit card,48.37,156.87,1.0,No,52.29,New,0,0,2023,4,29
CUST00014,61.0,female,48.0,two year,credit card,52.71,2558.05,2.0,No,53.29270833333334,2-4 Years,0,1,2023,9,17
CUST00387,21.0,female,24.0,month-to-month,electronic check,74.39,1777.97,0.0,No,74.08208333333333,1-2 Years,0,0,2020,4,9
CUST00410,18.0,male,52.0,two year,electronic check,25.59,1329.65,2.0,No,25.57019230769231,4+ Years,0,0,2021,6,8
CUST00390,26.0,female,60.0,month-to-month,bank transfer,74.49,4475.43,1.0,No,74.5905,4+ Years,0,0,2023,5,20
CUST00091,42.0,female,4.0,month-to-month,mailed check,72.52,301.68,0.0,No,75.42,New,0,0,2020,1,22
CUST00389,68.0,female,70.0,two year,credit card,26.63,1845.35,0.0,No,26.362142857142857,4+ Years,0,1,2020,7,25
CUST00060,56.0,male,28.0,month-to-month,electronic check,77.72,2204.32,1.0,No,78.72571428571429,2-4 Years,0,0,2020,2,23
CUST00400,35.0,male,18.0,month-to-month,bank transfer,58.44,1065.86,1.0,No,59.21444444444444,1-2 Years,0,0,2023,9,3
CUST00165,41.0,male,34.5,one year,electronic check,56.3,1018.65,2.0,No,29.526086956521738,2-4 Years,0,0,2021,10,9
CUST00075,57.0,female,38.0,two year,bank transfer,15.0,564.4,1.0,No,14.852631578947369,2-4 Years,0,0,2021,8,23
CUST00080,56.0,male,29.0,one year,bank transfer,33.97,976.95,0.0,No,33.68793103448276,2-4 Years,0,0,2022,4,4
CUST00180,46.0,female,68.0,month-to-month,credit card,90.12,6116.88,5.0,No,89.95411764705882,4+ Years,1,0,2023,10,9
CUST00345,69.0,female,8.0,month-to-month,credit card,69.5,2125.99,1.0,Yes,265.74875,New,0,1,2020,1,6
CUST00402,62.0,female,43.0,month-to-month,mailed check,59.93,2570.42,2.0,Yes,59.77720930232558,2-4 Years,0,1,2019,6,14
CUST00082,42.0,male,9.0,two year,credit card,103.92,911.55,3.0,Yes,101.28333333333332,New,1,0,2021,2,16
CUST00139,37.0,female,1.0,month-to-month,electronic check,78.19,84.91,1.0,No,84.91,New,0,0,2021,1,6
CUST00051,61.0,male,37.0,month-to-month,mailed check,87.1,3241.16,2.0,No,87.59891891891891,2-4 Years,0,1,2021,6,8
CUST00272,19.0,male,0.0,month-to-month,credit card,47.56,0.0,2.0,Yes,0.0,,0,0,2019,9,24
CUST00342,34.0,male,53.0,month-to-month,mailed check,79.14,2125.99,1.0,No,40.11301886792453,4+ Years,0,0,2021,9,14
CUST00164,41.0,male,48.0,month-to-month,mailed check,15.19,748.55,0.0,No,15.594791666666666,2-4 Years,0,0,2022,1,26
CUST00365,24.0,female,39.0,month-to-month,bank transfer,79.83,3107.78,1.0,No,79.68666666666667,2-4 Years,0,0,2022,9,17
CUST00207,61.0,male,45.0,month-to-month,credit card,82.01,3661.8,0.0,No,81.37333333333333,2-4 Years,0,1,2022,11,1
CUST00247,61.0,female,65.0,one year,bank transfer,45.22,2952.38,1.0,No,45.42123076923077,4+ Years,0,1,2019,10,8
CUST00054,44.0,male,61.0,month-to-month,bank transfer,69.5,5305.51,0.0,No,86.9755737704918,4+ Years,0,0,2020,3,17
CUST00223,58.0,female,20.0,month-to-month,electronic check,17.52,370.61,1.0,No,18.5305,1-2 Years,0,0,2021,5,4
CUST00208,73.0,female,27.0,one year,credit card,80.19,2170.31,1.0,No,80.38185185185185,2-4 Years,0,1,2023,12,4
CUST00293,72.0,female,38.0,month-to-month,credit card,103.83,3951.46,0.0,No,103.9857894736842,2-4 Years,0,1,2022,8,30
CUST00067,69.0,male,48.0,month-to-month,bank transfer,58.85,2832.61,1.0,Yes,59.012708333333336,2-4 Years,0,1,2022,1,26
CUST00354,42.0,female,49.0,two year,credit card,64.01,3150.31,1.0,No,64.29204081632653,4+ Years,0,0,2021,9,15
CUST00374,39.0,male,63.0,month-to-month,mailed check,15.0,919.37,0.0,No,14.593174603174605,4+ Years,0,0,2022,9,4
CUST00244,55.0,male,23.0,two year,credit card,45.91,1047.14,0.0,Yes,45.52782608695652,1-2 Years,0,0,2020,3,16
CUST00100,25.0,male,26.0,month-to-month,mailed check,72.56,1907.92,1.0,No,73.38153846153847,2-4 Years,0,0,2021,1,8
CUST00016,62.0,female,51.0,month-to-month,mailed check,88.74,4524.46,1.0,No,88.71490196078432,4+ Years,0,1,2023,11,1
CUST00241,25.0,male,38.0,month-to-month,credit card,68.17,2589.86,2.0,Yes,68.1542105263158,2-4 Years,0,0,2022,7,5
CUST00236,59.0,female,31.0,month-to-month,mailed check,81.73,2534.81,0.0,No,81.76806451612903,2-4 Years,0,0,2022,4,15
CUST00087,23.0,female,61.0,month-to-month,electronic check,23.47,1418.99,2.0,No,23.262131147540984,4+ Years,0,0,2023,10,30
CUST00038,65.0,female,48.0,month-to-month,mailed check,64.04,3084.52,0.0,No,64.26083333333334,2-4 Years,0,1,2022,3,3
CUST00356,74.0,female,12.0,month-to-month,electronic check,22.26,265.56,1.0,Yes,22.13,New,0,1,2021,10,10
CUST00329,26.0,male,62.0,two year,bank transfer,61.32,2125.99,2.0,No,34.29016129032258,4+ Years,0,0,2023,2,2
CUST00074,25.0,female,58.0,two year,credit card,61.14,3546.81,0.0,Yes,61.151896551724136,4+ Years,0,0,2020,7,31
CUST00416,56.0,male,70.0,two year,credit card,88.74,6239.46,1.0,No,89.13514285714285,4+ Years,0,0,2020,7,19
CUST00105,63.0,male,39.0,month-to-month,mailed check,94.89,3708.91,2.0,Yes,95.1002564102564,2-4 Years,0,1,2020,2,9
CUST00262,27.0,male,51.0,month-to-month,mailed check,49.43,2531.96,0.0,No,49.64627450980392,4+ Years,0,0,2022,12,8
CUST00182,26.0,male,36.0,one year,mailed check,55.34,1981.0,1.0,No,55.02777777777778,2-4 Years,0,0,2019,4,14
CUST00017,47.0,male,47.0,one year,bank transfer,86.29,4061.95,0.0,No,86.42446808510638,2-4 Years,0,0,2023,7,30
CUST00388,65.0,female,47.0,month-to-month,mailed check,102.25,4802.68,1.0,No,102.18468085106385,2-4 Years,0,1,2020,6,11
CUST00089,61.0,female,52.0,one year,electronic check,108.75,5640.71,2.0,No,108.47519230769232,4+ Years,0,1,2022,5,16
CUST00250,20.0,female,49.0,month-to-month,mailed check,78.5,2125.99,1.0,No,43.38755102040816,4+ Years,0,0,2020,2,5
CUST00141,45.0,female,61.0,two year,bank transfer,47.31,2870.33,0.0,No,47.05459016393443,4+ Years,0,0,2021,6,5
CUST00103,63.0,male,25.0,month-to-month,credit card,45.42,1131.01,0.0,Yes,45.2404,2-4 Years,0,1,2020,6,23
CUST00195,72.0,female,41.0,month-to-month,electronic check,97.06,3976.86,1.0,Yes,96.99658536585366,2-4 Years,0,1,2019,8,1
CUST00359,23.0,male,8.0,month-to-month,mailed check,68.42,556.82,1.0,No,69.6025,New,0,0,2023,1,24
CUST00158,49.0,female,31.0,month-to-month,mailed check,52.46,1631.9,2.0,No,52.641935483870974,2-4 Years,0,0,2019,6,9
CUST00071,63.0,male,32.0,one year,credit card,48.35,2125.99,2.0,No,66.4371875,2-4 Years,0,1,2020,7,15
CUST00134,49.0,female,53.0,two year,bank transfer,103.06,5471.86,0.0,Yes,103.24264150943397,4+ Years,0,0,2020,8,15
CUST00358,68.0,male,36.0,one year,mailed check,44.2,1594.6,2.0,No,44.29444444444445,2-4 Years,0,1,2021,5,1
CUST00005,42.0,female,17.0,month-to-month,credit card,96.24,1627.28,2.0,No,95.72235294117648,1-2 Years,0,0,2019,7,15
CUST00169,37.0,male,19.0,one year,electronic check,95.22,1804.09,1.0,No,94.95210526315788,1-2 Years,0,0,2021,2,26
CUST00319,71.0,female,8.0,month-to-month,credit card,102.16,823.73,1.0,Yes,102.96625,New,0,1,2019,12,16
CUST00327,31.0,female,59.0,two year,mailed check,44.79,2630.9,1.0,No,44.59152542372882,4+ Years,0,0,2019,11,10
CUST00229,49.0,female,7.0,month-to-month,bank transfer,103.2,713.86,3.0,Yes,101.98,New,1,0,2021,11,5
CUST00019,65.0,female,0.0,month-to-month,electronic check,69.07,0.0,0.0,No,0.0,,0,1,2019,4,13
CUST00331,49.0,female,52.0,month-to-month,credit card,59.44,3072.27,1.0,No,59.082115384615385,4+ Years,0,0,2022,8,31
CUST00021,46.0,male,53.0,one year,bank transfer,40.37,2131.97,0.0,No,40.22584905660377,4+ Years,0,0,2020,3,17
CUST00056,45.0,male,21.0,two year,bank transfer,68.88,1488.59,3.0,No,70.8852380952381,1-2 Years,1,0,2020,1,12
CUST00238,42.0,female,56.0,month-to-month,electronic check,86.0,4791.19,1.0,No,85.55696428571427,4+ Years,0,0,2021,6,8
CUST00364,68.0,female,1.0,one year,credit card,73.64,116.32,2.0,No,116.32,New,0,1,2023,10,29
CUST00308,49.0,female,43.0,two year,mailed check,67.8,2899.79,2.0,No,67.43697674418604,2-4 Years,0,0,2021,4,24
CUST00035,68.0,female,68.0,one year,mailed check,47.92,3274.34,0.0,No,48.152058823529416,4+ Years,0,1,2022,9,26
CUST00151,66.0,female,4.0,one year,mailed check,67.49,279.82,1.0,No,69.955,New,0,1,2021,10,22
CUST00339,29.0,female,60.0,month-to-month,electronic check,58.39,3512.38,2.0,No,58.53966666666667,4+ Years,0,0,2021,6,14
CUST00206,33.0,male,8.0,month-to-month,electronic check,85.78,677.12,1.0,Yes,84.64,New,0,0,2022,6,29
CUST00257,56.0,female,34.0,month-to-month,electronic check,69.5,1702.06,1.0,No,50.06058823529412,2-4 Years,0,0,2022,9,1
CUST00098,56.0,female,9.0,month-to-month,credit card,95.69,881.64,0.0,Yes,97.96,New,0,0,2019,8,11
CUST00341,54.0,male,21.0,one year,credit card,64.01,1340.03,1.0,No,63.81095238095238,1-2 Years,0,0,2023,10,1
CUST00155,42.0,female,42.0,two year,mailed check,104.44,4362.84,3.0,No,103.87714285714286,2-4 Years,1,0,2021,9,6
CUST00123,55.0,female,24.0,month-to-month,credit card,94.9,2263.23,1.0,No,94.30125,1-2 Years,0,0,2020,8,17
CUST00114,44.0,female,30.0,month-to-month,electronic check,58.55,1771.06,0.0,No,59.03533333333333,2-4 Years,0,0,2020,3,25
CUST00228,51.0,female,0.0,one year,mailed check,71.15,0.0,0.0,No,0.0,,0,0,2021,12,5
CUST00285,43.0,female,16.0,month-to-month,credit card,50.72,822.29,0.0,Yes,51.393125,1-2 Years,0,0,2022,5,10
CUST00268,37.0,female,9.0,month-to-month,credit card,69.5,943.59,1.0,Yes,104.84333333333332,New,0,0,2019,10,4
CUST00109,44.0,male,69.0,two year,electronic check,45.71,3150.62,1.0,No,45.661159420289856,4+ Years,0,0,2023,5,22
CUST00265,74.0,male,43.0,month-to-month,mailed check,22.16,950.78,2.0,No,22.111162790697676,2-4 Years,0,1,2022,3,15
CUST00095,69.0,female,15.0,one year,credit card,69.58,1022.97,3.0,No,68.19800000000001,1-2 Years,1,1,2021,1,16
CUST00217,22.0,male,35.0,two year,electronic check,28.02,1011.26,2.0,No,28.893142857142852,2-4 Years,0,0,2019,11,1
CUST00126,50.0,female,16.0,month-to-month,credit card,22.09,374.97,1.0,No,23.435625,1-2 Years,0,0,2019,1,2
CUST00270,51.0,male,66.0,month-to-month,mailed check,75.12,4961.33,2.0,No,75.17166666666667,4+ Years,0,0,2022,10,30
CUST00413,33.0,female,19.0,month-to-month,credit card,96.15,1799.09,1.0,Yes,94.68894736842104,1-2 Years,0,0,2019,7,22
CUST00092,63.0,male,28.0,month-to-month,mailed check,69.5,2755.18,1.0,No,98.39928571428572,2-4 Years,0,1,2021,6,8
CUST00409,71.0,male,38.0,two year,credit card,49.21,1876.95,1.0,No,49.39342105263158,2-4 Years,0,1,2020,9,23
CUST00362,68.0,female,0.0,one year,credit card,93.86,0.0,2.0,No,0.0,,0,1,2020,1,14
CUST00370,62.0,male,9.0,month-to-month,credit card,99.65,886.79,0.0,Yes,98.53222222222222,New,0,1,2021,12,5
CUST00352,20.0,male,10.0,month-to-month,mailed check,73.53,735.99,1.0,Yes,73.599,New,0,0,2020,7,11
CUST00025,62.0,female,27.0,month-to-month,mailed check,100.23,2690.55,1.0,No,99.65,2-4 Years,0,1,2021,7,28
CUST00278,62.0,male,7.0,one year,electronic check,90.59,655.5,1.0,Yes,93.64285714285714,New,0,1,2020,8,28
CUST00334,65.0,female,1.0,one year,credit card,63.22,52.1,2.0,No,52.1,New,0,1,2021,12,27
CUST00311,55.0,female,5.0,month-to-month,mailed check,106.18,532.08,1.0,No,106.416,New,0,0,2020,4,1
CUST00127,22.0,male,40.0,two year,electronic check,38.51,1539.96,3.0,No,38.499,2-4 Years,1,0,2019,8,13
CUST00382,71.0,male,3.0,month-to-month,mailed check,71.69,210.84,2.0,Yes,70.28,New,0,1,2019,7,19
CUST00079,50.0,female,55.0,month-to-month,mailed check,27.43,1523.36,1.0,No,27.697454545454544,4+ Years,0,0,2021,4,14
CUST00233,19.0,female,2.0,month-to-month,electronic check,75.03,186.33,2.0,Yes,93.165,New,0,0,2022,7,16
CUST00179,69.0,male,22.0,month-to-month,credit card,75.41,1674.65,2.0,No,76.12045454545455,1-2 Years,0,1,2020,6,22
CUST00059,60.0,male,32.0,month-to-month,mailed check,28.5,919.97,1.0,No,28.7490625,2-4 Years,0,1,2023,5,14
CUST00295,49.0,female,32.0,two year,credit card,49.58,1591.29,0.0,No,49.7278125,2-4 Years,0,0,2019,7,23
CUST00320,61.0,male,43.0,one year,mailed check,49.33,2160.58,0.0,No,50.2460465116279,2-4 Years,0,1,2022,3,23
CUST00338,45.0,male,52.0,month-to-month,mailed check,105.9,5504.09,0.0,No,105.8478846153846,4+ Years,0,0,2020,3,10
CUST00336,64.0,male,34.5,one year,credit card,53.61,597.51,3.0,No,17.319130434782608,2-4 Years,1,1,2019,4,30
CUST00062,60.0,male,19.0,month-to-month,bank transfer,41.0,755.0,0.0,No,39.73684210526316,1-2 Years,0,1,2019,4,26
CUST00301,38.0,male,20.0,month-to-month,electronic check,98.51,1972.16,1.0,Yes,98.608,1-2 Years,0,0,2023,2,17
CUST00094,40.0,female,65.0,one year,electronic check,55.58,3592.9,3.0,No,55.27538461538462,4+ Years,1,0,2019,7,7
CUST00347,74.0,male,10.0,month-to-month,bank transfer,100.82,995.31,3.0,Yes,99.531,New,1,1,2021,12,24
CUST00385,19.0,male,9.0,month-to-month,electronic check,95.98,875.22,0.0,Yes,97.24666666666668,New,0,0,2022,9,26
CUST00070,44.0,female,24.0,month-to-month,bank transfer,52.56,1257.2,0.0,No,52.38333333333333,1-2 Years,0,0,2021,2,15
CUST00037,66.0,female,18.0,month-to-month,mailed check,42.48,745.99,0.0,Yes,41.44388888888889,1-2 Years,0,1,2020,9,27
CUST00041,27.0,female,54.0,month-to-month,electronic check,61.13,3300.55,3.0,No,61.1212962962963,4+ Years,1,0,2021,6,8
CUST00161,74.0,female,68.0,month-to-month,credit card,97.27,6612.44,2.0,Yes,97.24176470588236,4+ Years,0,1,2020,12,27
CUST00306,25.0,male,32.0,month-to-month,mailed check,55.37,2125.99,1.0,No,66.4371875,2-4 Years,0,0,2019,11,26
CUST00012,73.0,male,7.0,month-to-month,mailed check,45.75,323.67,3.0,Yes,46.23857142857143,New,1,1,2019,4,8
CUST00145,74.0,male,12.0,month-to-month,credit card,89.05,1084.78,0.0,Yes,90.39833333333333,New,0,1,2022,6,26
CUST00296,47.0,female,11.0,month-to-month,credit card,68.94,755.8,0.0,No,68.7090909090909,New,0,0,2020,4,7
CUST00302,65.0,female,18.0,one year,mailed check,100.19,1810.66,0.0,No,100.59222222222223,1-2 Years,0,1,2020,5,25
CUST00172,23.0,female,13.0,one year,electronic check,92.99,1211.47,3.0,No,93.19,1-2 Years,1,0,2019,9,26
CUST00128,61.0,female,23.0,month-to-month,mailed check,37.17,869.98,0.0,No,37.82521739130435,1-2 Years,0,1,2019,10,19
CUST00240,53.0,female,60.0,month-to-month,bank transfer,74.57,4486.17,2.0,No,74.76950000000001,4+ Years,0,0,2020,8,1
CUST00309,35.0,male,65.0,month-to-month,electronic check,45.77,2983.89,1.0,No,45.906,4+ Years,0,0,2019,12,26
CUST00185,46.0,male,10.0,one year,credit card,83.88,813.25,1.0,Yes,81.325,New,0,0,2020,12,9
CUST00047,43.0,female,18.0,month-to-month,mailed check,63.16,1137.82,2.0,Yes,63.212222222222216,1-2 Years,0,0,2019,12,9
CUST00010,23.0,male,3.0,two year,electronic check,65.29,181.38,0.0,No,60.46,New,0,0,2022,5,7
CUST00321,36.0,female,21.0,month-to-month,bank transfer,69.48,1479.38,1.0,No,70.44666666666667,1-2 Years,0,0,2022,5,9
CUST00412,31.0,male,40.0,month-to-month,electronic check,99.0,3965.72,1.0,No,99.143,2-4 Years,0,0,2021,5,3
CUST00177,58.0,female,30.0,one year,credit card,54.96,1639.17,4.0,No,54.639,2-4 Years,1,0,2022,4,15
CUST00237,55.0,female,39.0,month-to-month,mailed check,126.82,4958.26,2.0,No,127.1348717948718,2-4 Years,0,0,2022,11,17
CUST00232,66.0,female,35.0,one year,credit card,46.46,1640.68,2.0,No,46.87657142857143,2-4 Years,0,1,2021,10,10
CUST00211,32.0,female,64.0,one year,mailed check,68.86,4387.04,1.0,No,68.5475,4+ Years,0,0,2023,4,22
CUST00129,50.0,male,64.0,one year,mailed check,66.13,4248.81,0.0,No,66.38765625,4+ Years,0,0,2019,12,17
CUST00144,41.0,female,23.0,month-to-month,bank transfer,75.29,1722.35,1.0,Yes,74.88478260869564,1-2 Years,0,0,2019,7,14
CUST00242,51.0,female,18.0,two year,bank transfer,79.53,2125.99,0.0,Yes,118.11055555555556,1-2 Years,0,0,2019,6,4
CUST00008,57.0,male,26.0,one year,mailed check,65.25,1705.83,1.0,Yes,65.60884615384614,2-4 Years,0,0,2021,6,8
CUST00372,55.0,female,34.5,two year,electronic check,65.59,4174.25,0.0,No,120.9927536231884,2-4 Years,0,0,2020,3,16
CUST00271,34.0,male,6.0,month-to-month,mailed check,99.47,2125.99,1.0,Yes,354.33166666666665,New,0,0,2019,12,5
CUST00325,45.0,male,45.0,month-to-month,bank transfer,65.5,2927.73,1.0,No,65.06066666666666,2-4 Years,0,0,2022,1,6
CUST00173,61.0,female,12.0,month-to-month,mailed check,108.04,1301.79,1.0,Yes,108.4825,New,0,1,2021,2,8
CUST00218,45.0,female,28.0,month-to-month,credit card,67.29,1868.88,1.0,No,66.74571428571429,2-4 Years,0,0,2021,11,27
CUST00317,59.0,female,39.0,month-to-month,mailed check,43.57,1703.06,1.0,No,43.66820512820512,2-4 Years,0,0,2020,12,21
CUST00395,59.0,female,11.0,month-to-month,bank transfer,69.5,1285.2,1.0,Yes,116.83636363636364,New,0,0,2021,8,8
CUST00288,50.0,female,61.0,one year,bank transfer,52.92,3224.79,2.0,No,52.86540983606557,4+ Years,0,0,2022,12,6
CUST00009,29.0,female,68.0,month-to-month,credit card,18.63,1262.72,3.0,Yes,18.569411764705883,4+ Years,1,0,2022,4,29
CUST00157,25.0,female,45.0,one year,mailed check,90.38,4090.75,1.0,No,90.90555555555557,2-4 Years,0,0,2022,8,12
CUST00028,64.0,female,16.0,one year,electronic check,45.05,2125.99,1.0,No,132.874375,1-2 Years,0,1,2021,6,8
CUST00065,41.0,female,62.0,two year,bank transfer,53.89,3343.08,0.0,No,53.92064516129032,4+ Years,0,0,2022,7,18
CUST00256,26.0,female,66.0,month-to-month,bank transfer,85.6,5648.95,1.0,No,85.59015151515152,4+ Years,0,0,2020,5,25
CUST00275,41.0,male,58.0,two year,credit card,90.68,5249.69,1.0,No,90.51189655172412,4+ Years,0,0,2022,12,3
CUST00154,34.0,male,57.0,month-to-month,credit card,91.2,5193.66,2.0,Yes,91.11684210526316,4+ Years,0,0,2022,1,3
CUST00049,45.0,male,29.0,month-to-month,bank transfer,31.68,932.84,5.0,Yes,32.166896551724136,2-4 Years,1,0,2020,11,16
CUST00209,33.0,male,55.0,two year,electronic check,61.99,3412.05,3.0,No,62.03727272727273,4+ Years,1,0,2021,9,25
CUST00002,62.0,female,66.0,one year,credit card,72.12,2125.99,0.0,No,32.211969696969696,4+ Years,0,1,2021,12,10
CUST00266,51.0,male,3.0,one year,credit card,95.96,2125.99,0.0,Yes,708.6633333333333,New,0,0,2023,4,25
CUST00281,33.0,female,34.0,one year,mailed check,23.58,802.49,2.0,No,23.60264705882353,2-4 Years,0,0,2021,8,1
CUST00360,60.0,female,71.0,one year,mailed check,60.86,4325.08,2.0,No,60.91661971830986,4+ Years,0,1,2022,3,25
CUST00096,34.0,male,35.0,month-to-month,electronic check,115.55,4051.67,1.0,No,115.762,2-4 Years,0,0,2021,1,16
CUST00417,73.0,female,10.0,one year,mailed check,79.79,779.64,2.0,No,77.964,New,0,1,2021,1,16
CUST00274,72.0,male,13.0,two year,electronic check,65.09,2125.99,2.0,Yes,163.53769230769228,1-2 Years,0,1,2023,7,3
CUST00117,20.0,female,69.0,one year,bank transfer,69.5,2125.99,1.0,No,30.811449275362317,4+ Years,0,0,2023,5,5
CUST00046,73.0,female,48.0,month-to-month,bank transfer,67.83,3239.37,1.0,Yes,67.486875,2-4 Years,0,1,2019,3,24
CUST00162,55.0,male,71.0,month-to-month,credit card,125.27,8917.31,0.0,No,125.59591549295774,4+ Years,0,0,2020,1,3
CUST00368,36.0,female,42.0,month-to-month,credit card,42.2,1765.03,1.0,No,42.02452380952381,2-4 Years,0,0,2023,2,1
CUST00118,25.0,female,54.0,month-to-month,electronic check,69.5,3246.72,3.0,Yes,60.12444444444444,4+ Years,1,0,2020,1,26
CUST00078,30.0,male,21.0,month-to-month,electronic check,69.5,2125.99,2.0,Yes,101.23761904761903,1-2 Years,0,0,2023,8,19
CUST00337,72.0,male,47.0,month-to-month,electronic check,87.28,4098.52,1.0,No,87.20255319148937,2-4 Years,0,1,2022,9,3
CUST00064,73.0,female,63.0,month-to-month,electronic check,65.42,4116.19,1.0,Yes,65.3363492063492,4+ Years,0,1,2022,10,13
CUST00231,44.0,female,19.0,two year,credit card,98.34,1889.39,0.0,No,99.44157894736844,1-2 Years,0,0,2023,7,2
CUST00187,27.0,female,67.0,two year,electronic check,64.62,4325.67,2.0,No,64.56223880597015,4+ Years,0,0,2022,1,7
CUST00290,44.0,female,0.0,two year,credit card,75.29,0.0,0.0,Yes,0.0,,0,0,2023,10,12
CUST00200,72.0,female,37.0,month-to-month,credit card,73.64,2731.96,0.0,No,73.83675675675676,2-4 Years,0,1,2020,3,15
CUST00294,45.0,female,44.0,one year,mailed check,106.66,4686.38,0.0,No,106.50863636363636,2-4 Years,0,0,2021,12,1
CUST00122,56.0,male,20.0,month-to-month,bank transfer,72.24,1426.61,4.0,No,71.3305,1-2 Years,1,0,2020,12,23
CUST00371,37.0,female,41.0,one year,credit card,75.27,3079.03,2.0,No,75.09829268292684,2-4 Years,0,0,2021,4,21
CUST00159,46.0,male,61.0,two year,electronic check,89.15,5418.23,1.0,No,88.82344262295081,4+ Years,0,0,2020,12,6
CUST00086,57.0,female,71.0,month-to-month,mailed check,15.0,1086.93,2.0,No,15.30887323943662,4+ Years,0,0,2021,6,8
CUST00226,35.0,male,62.0,two year,bank transfer,107.25,6644.04,2.0,No,107.16193548387096,4+ Years,0,0,2022,6,9
CUST00263,35.0,male,13.0,one year,mailed check,100.95,1330.17,2.0,No,102.32076923076924,1-2 Years,0,0,2019,2,7
CUST00419,34.0,female,66.0,month-to-month,mailed check,69.5,1949.17,0.0,No,29.53287878787879,4+ Years,0,0,2020,12,2
CUST00077,45.0,male,45.0,month-to-month,electronic check,47.47,2131.4,2.0,Yes,47.364444444444445,2-4 Years,0,0,2020,5,7
CUST00322,24.0,female,15.0,one year,electronic check,55.35,841.06,1.0,No,56.07066666666666,1-2 Years,0,0,2021,6,8
CUST00088,35.0,female,50.0,two year,bank transfer,62.98,3152.63,0.0,No,63.052600000000005,4+ Years,0,0,2021,1,15
CUST00183,46.0,female,67.0,two year,credit card,70.27,4690.63,1.0,No,70.00940298507463,4+ Years,0,0,2021,1,3
CUST00106,62.0,male,1.0,month-to-month,electronic check,66.76,47.12,0.0,Yes,47.12,New,0,1,2021,6,8
CUST00050,62.0,female,61.0,one year,mailed check,57.07,3483.6,1.0,No,57.10819672131147,4+ Years,0,1,2021,2,18
CUST00006,66.0,female,2.0,two year,bank transfer,91.1,182.07,1.0,No,91.035,New,0,1,2023,7,20
CUST00018,25.0,female,55.0,two year,bank transfer,85.54,2125.99,3.0,No,38.654363636363634,4+ Years,1,0,2022,8,23
CUST00235,46.0,female,29.0,two year,mailed check,24.76,739.9,1.0,No,25.513793103448275,2-4 Years,0,0,2023,7,23
CUST00343,53.0,male,59.0,month-to-month,mailed check,109.14,6449.55,1.0,No,109.314406779661,4+ Years,0,0,2023,8,4
CUST00107,62.0,male,21.0,one year,mailed check,71.75,1515.97,2.0,No,72.18904761904761,1-2 Years,0,1,2022,9,12
CUST00135,63.0,female,15.0,month-to-month,mailed check,86.55,1280.37,3.0,No,85.35799999999999,1-2 Years,1,1,2021,4,25
CUST00348,71.0,male,42.0,two year,credit card,64.46,2718.86,1.0,No,64.73476190476191,2-4 Years,0,1,2022,11,24
CUST00227,64.0,male,11.0,month-to-month,credit card,78.97,906.1,0.0,Yes,82.37272727272727,New,0,1,2021,7,14
CUST00215,60.0,female,70.0,month-to-month,bank transfer,26.63,1862.87,1.0,No,26.61242857142857,4+ Years,0,1,2021,12,22
CUST00191,56.0,female,21.0,one year,credit card,117.33,2451.46,0.0,No,116.73619047619049,1-2 Years,0,0,2021,7,19
CUST00380,32.0,male,19.0,month-to-month,credit card,41.49,777.5,1.0,No,40.92105263157895,1-2 Years,0,0,2021,11,27
CUST00283,56.0,female,6.0,two year,mailed check,69.81,2125.99,2.0,No,354.33166666666665,New,0,0,2020,8,8
CUST00030,43.0,male,44.0,month-to-month,credit card,82.01,3580.49,2.0,No,81.37477272727273,2-4 Years,0,0,2021,3,23
CUST00170,19.0,female,56.0,month-to-month,mailed check,82.11,4611.18,1.0,No,82.3425,4+ Years,0,0,2023,8,4
CUST00181,71.0,female,56.0,two year,mailed check,73.09,4101.76,1.0,No,73.24571428571429,4+ Years,0,1,2021,12,3
CUST00101,65.0,male,5.0,month-to-month,mailed check,63.93,333.72,2.0,Yes,66.744,New,0,1,2022,3,18
CUST00198,24.0,female,32.0,month-to-month,electronic check,83.55,2684.52,0.0,No,83.89125,2-4 Years,0,0,2019,10,6
CUST00210,62.0,female,4.0,month-to-month,bank transfer,69.5,367.11,0.0,No,91.7775,New,0,1,2019,1,14
CUST00136,35.0,female,42.0,one year,electronic check,70.4,2959.36,2.0,No,70.46095238095238,2-4 Years,0,0,2021,9,14
CUST00404,73.0,female,39.0,month-to-month,electronic check,64.12,2507.03,0.0,No,64.28282051282052,2-4 Years,0,1,2020,8,10
CUST00369,19.0,female,27.0,month-to-month,credit card,90.88,2477.05,0.0,Yes,91.7425925925926,2-4 Years,0,0,2022,2,26
CUST00199,37.0,male,18.0,month-to-month,electronic check,76.12,1352.25,2.0,Yes,75.125,1-2 Years,0,0,2023,1,20
CUST00167,36.0,female,48.0,two year,credit card,83.83,4003.66,1.0,No,83.40958333333333,2-4 Years,0,0,2019,8,12
CUST00332,39.0,female,24.0,one year,bank transfer,72.97,1750.52,2.0,No,72.93833333333333,1-2 Years,0,0,2019,6,29
CUST00137,52.0,female,44.0,month-to-month,credit card,58.47,2597.59,2.0,No,59.036136363636366,2-4 Years,0,0,2020,8,18
CUST00286,45.0,female,42.0,one year,mailed check,69.5,4689.59,1.0,No,111.65690476190476,2-4 Years,0,0,2023,7,4
CUST00132,49.0,female,38.0,month-to-month,mailed check,50.65,2125.99,0.0,Yes,55.94710526315789,2-4 Years,0,0,2021,9,16
CUST00040,54.0,male,2.0,one year,electronic check,109.82,227.05,1.0,No,113.525,New,0,0,2022,3,15
CUST00216,33.0,female,21.0,one year,credit card,82.49,1737.02,0.0,Yes,82.71523809523809,1-2 Years,0,0,2019,4,18
CUST00044,38.0,male,64.0,month-to-month,bank transfer,52.52,3363.51,0.0,No,52.55484375,4+ Years,0,0,2020,10,31
CUST00055,45.0,female,64.0,one year,mailed check,98.08,2125.99,0.0,No,33.21859375,4+ Years,0,0,2022,9,27
CUST00407,42.0,female,54.0,one year,electronic check,48.68,2614.49,2.0,No,48.41648148148148,4+ Years,0,0,2020,12,18
CUST00300,19.0,female,61.0,one year,electronic check,70.13,4252.1,1.0,No,69.70655737704918,4+ Years,0,0,2020,7,30
CUST00391,60.0,male,13.0,month-to-month,credit card,55.37,2125.99,1.0,Yes,163.53769230769228,1-2 Years,0,1,2021,5,29
CUST00305,48.0,male,40.0,month-to-month,electronic check,86.61,3435.3,4.0,No,85.88250000000001,2-4 Years,1,0,2023,11,22
CUST00036,21.0,female,37.0,two year,credit card,89.72,3297.0,1.0,No,89.10810810810811,2-4 Years,0,0,2022,5,15
CUST00316,55.0,female,22.0,month-to-month,electronic check,129.82,2840.22,1.0,No,129.10090909090908,1-2 Years,0,0,2021,6,29
CUST00310,24.0,female,70.0,two year,credit card,46.08,3215.23,2.0,No,45.93185714285714,4+ Years,0,0,2022,3,17
CUST00277,44.0,male,11.0,month-to-month,mailed check,28.3,289.13,1.0,No,26.28454545454545,New,0,0,2019,12,20
CUST00125,66.0,male,27.0,two year,bank transfer,23.94,650.01,1.0,No,24.074444444444445,2-4 Years,0,1,2021,8,24
CUST00143,33.0,female,21.0,one year,credit card,19.21,382.49,2.0,No,18.213809523809523,1-2 Years,0,0,2020,12,17
CUST00111,33.0,female,63.0,month-to-month,mailed check,90.48,5700.74,3.0,No,90.48793650793652,4+ Years,1,0,2019,1,31
CUST00324,70.0,female,29.0,month-to-month,bank transfer,46.24,1311.78,4.0,No,45.23379310344828,2-4 Years,1,1,2022,7,13
CUST00333,35.0,female,27.0,month-to-month,credit card,60.01,1606.93,1.0,No,59.51592592592593,2-4 Years,0,0,2022,7,16
CUST00376,23.0,female,38.0,month-to-month,electronic check,67.17,2594.31,1.0,No,68.27131578947369,2-4 Years,0,0,2019,6,2
CUST00108,55.0,female,32.0,two year,credit card,84.28,2664.88,2.0,No,83.2775,2-4 Years,0,0,2022,1,23
CUST00013,59.0,female,67.0,two year,mailed check,65.59,4399.46,3.0,No,65.66358208955224,4+ Years,1,0,2023,5,1
CUST00273,26.0,female,67.0,one year,electronic check,45.18,3051.95,0.0,No,45.55149253731343,4+ Years,0,0,2021,4,23
CUST00048,45.0,male,17.0,month-to-month,electronic check,89.76,1527.62,0.0,Yes,89.86,1-2 Years,0,0,2022,11,17
CUST00204,57.0,female,3.0,one year,bank transfer,29.45,93.8,0.0,No,31.266666666666666,New,0,0,2019,3,4
CUST00418,24.0,male,30.0,two year,electronic check,60.16,1799.83,2.0,No,59.99433333333333,2-4 Years,0,0,2021,6,8
CUST00120,24.0,male,38.0,month-to-month,mailed check,49.31,1875.14,0.0,No,49.34578947368421,2-4 Years,0,0,2020,5,9
CUST00022,39.0,male,53.0,one year,mailed check,15.34,796.86,0.0,Yes,15.035094339622642,4+ Years,0,0,2021,6,8
CUST00084,65.0,male,41.0,month-to-month,electronic check,54.2,2251.23,0.0,No,54.9080487804878,2-4 Years,0,1,2022,9,8
CUST00131,50.0,male,22.0,month-to-month,mailed check,52.43,1162.41,1.0,No,52.83681818181819,1-2 Years,0,0,2020,7,20
CUST00330,49.0,female,2.0,month-to-month,bank transfer,34.28,2125.99,1.0,Yes,1062.995,New,0,0,2020,5,15
CUST00230,28.0,female,36.0,month-to-month,mailed check,112.06,4007.52,2.0,No,111.32,2-4 Years,0,0,2020,1,9
CUST00287,27.0,male,49.0,month-to-month,bank transfer,52.89,2596.64,4.0,Yes,52.99265306122449,4+ Years,1,0,2019,9,21
CUST00124,44.0,female,64.0,month-to-month,bank transfer,54.89,2125.99,1.0,No,33.21859375,4+ Years,0,0,2021,8,10
CUST00034,49.0,female,0.0,month-to-month,credit card,60.31,0.0,1.0,Yes,0.0,,0,0,2023,1,27
CUST00405,46.0,male,37.0,month-to-month,bank transfer,131.46,4872.07,1.0,No,131.67756756756756,2-4 Years,0,0,2021,2,23
CUST00020,43.0,male,62.0,month-to-month,bank transfer,74.94,4622.97,1.0,No,74.56403225806451,4+ Years,0,0,2021,4,17
CUST00220,69.0,female,29.0,one year,bank transfer,17.87,506.36,5.0,No,17.460689655172413,2-4 Years,1,1,2022,5,16
CUST00357,26.0,female,57.0,month-to-month,electronic check,38.01,2187.52,2.0,No,38.37754385964912,4+ Years,0,0,2019,3,31
CUST00150,21.0,female,20.0,one year,mailed check,69.1,1382.28,3.0,Yes,69.114,1-2 Years,1,0,2021,6,8
CUST00225,59.0,female,29.0,month-to-month,credit card,105.88,3077.1,1.0,No,106.10689655172412,2-4 Years,0,0,2020,9,8
CUST00248,41.0,male,34.0,one year,mailed check,94.2,3220.67,0.0,No,94.72558823529413,2-4 Years,0,0,2023,11,11
CUST00381,18.0,female,51.0,month-to-month,electronic check,66.46,3409.2,1.0,No,66.84705882352941,4+ Years,0,0,2021,8,19
CUST00152,34.0,male,40.0,one year,mailed check,67.14,2674.77,0.0,No,66.86925,2-4 Years,0,0,2022,1,16
CUST00318,59.0,female,57.0,month-to-month,mailed check,22.55,1267.42,2.0,No,22.23543859649123,4+ Years,0,0,2023,1,15
CUST00292,33.0,female,61.0,month-to-month,bank transfer,66.12,4033.65,1.0,No,66.12540983606557,4+ Years,0,0,2019,7,1
CUST00234,61.0,male,23.0,two year,electronic check,80.99,1841.88,0.0,No,80.08173913043478,1-2 Years,0,1,2023,5,7
CUST00011,48.0,male,26.0,month-to-month,mailed check,90.29,2343.46,1.0,Yes,90.13307692307691,2-4 Years,0,0,2022,1,2
CUST00280,22.0,female,44.0,two year,bank transfer,60.19,2669.06,1.0,No,60.66045454545454,2-4 Years,0,0,2019,10,10
CUST00072,45.0,male,51.0,two year,bank transfer,28.81,1499.18,1.0,No,29.395686274509806,4+ Years,0,0,2023,1,7
CUST00253,28.0,female,53.0,month-to-month,credit card,72.07,3810.19,1.0,No,71.89037735849057,4+ Years,0,0,2023,11,18
CUST00093,65.0,female,35.0,month-to-month,credit card,122.67,4272.33,2.0,No,122.06657142857142,2-4 Years,0,1,2021,7,31
CUST00350,27.0,male,9.0,one year,credit card,52.75,2125.99,0.0,No,236.2211111111111,New,0,0,2023,1,19
CUST00375,68.0,female,29.0,month-to-month,bank transfer,77.56,2258.61,0.0,Yes,77.88310344827586,2-4 Years,0,1,2021,6,8
CUST00193,52.0,female,3.0,month-to-month,mailed check,68.25,206.45,1.0,Yes,68.81666666666666,New,0,0,2019,10,2
CUST00258,23.0,female,3.0,two year,mailed check,69.5,2125.99,2.0,No,708.6633333333333,New,0,0,2021,1,22
CUST00340,72.0,male,50.0,month-to-month,bank transfer,82.13,4104.37,1.0,No,82.0874,4+ Years,0,1,2019,4,20
CUST00420,46.0,female,37.0,two year,credit card,72.85,2722.05,0.0,No,73.56891891891892,2-4 Years,0,0,2020,4,25
CUST00196,22.0,female,4.0,one year,bank transfer,56.45,246.52,1.0,Yes,61.63,New,0,0,2021,4,1
CUST00344,47.0,female,22.0,month-to-month,electronic check,82.72,1817.56,0.0,Yes,82.61636363636363,1-2 Years,0,0,2019,10,16
CUST00138,19.0,male,47.0,month-to-month,bank transfer,59.17,2778.23,1.0,No,59.11127659574469,2-4 Years,0,0,2020,2,4
CUST00261,63.0,male,62.0,month-to-month,bank transfer,29.8,1856.77,1.0,No,29.947903225806453,4+ Years,0,1,2021,8,27
CUST00039,33.0,male,38.0,one year,credit card,67.13,2576.03,1.0,No,67.79026315789474,2-4 Years,0,0,2023,9,12
CUST00202,69.0,female,22.0,one year,electronic check,96.14,2125.99,2.0,No,96.63590909090908,1-2 Years,0,1,2023,3,18
CUST00401,74.0,female,44.0,two year,bank transfer,69.5,3063.05,1.0,No,69.61477272727274,2-4 Years,0,1,2020,3,23
CUST00291,64.0,female,20.0,two year,electronic check,56.2,1124.05,1.0,No,56.2025,1-2 Years,0,1,2021,6,8
CUST00190,35.0,male,7.0,month-to-month,mailed check,24.99,2125.99,1.0,Yes,303.7128571428571,New,0,0,2019,9,26
CUST00252,46.0,male,16.0,one year,credit card,94.86,1522.66,0.0,No,95.16625,1-2 Years,0,0,2023,1,6
CUST00113,49.0,male,32.0,month-to-month,mailed check,60.6,2125.99,2.0,No,66.4371875,2-4 Years,0,0,2021,2,18
CUST00184,57.0,female,31.0,month-to-month,mailed check,105.9,3298.4,1.0,No,106.4,2-4 Years,0,0,2023,7,20
CUST00153,70.0,male,18.0,one year,mailed check,72.68,1308.8,0.0,No,72.71111111111111,1-2 Years,0,1,2022,3,7
CUST00313,24.0,male,52.0,month-to-month,bank transfer,111.01,5780.88,0.0,No,111.17076923076924,4+ Years,0,0,2020,4,15
CUST00326,31.0,female,22.0,two year,bank transfer,81.25,1806.64,2.0,No,82.12,1-2 Years,0,0,2023,4,25
CUST00192,53.0,female,2.0,one year,credit card,87.06,184.89,0.0,No,92.445,New,0,0,2021,8,18
CUST00045,21.0,male,43.0,month-to-month,bank transfer,71.07,3050.46,1.0,Yes,70.94093023255815,2-4 Years,0,0,2022,1,5
CUST00276,45.0,male,2.0,month-to-month,mailed check,36.73,69.35,1.0,Yes,34.675,New,0,0,2021,7,21
CUST00007,22.0,male,3.0,month-to-month,bank transfer,106.99,311.84,1.0,Yes,103.94666666666666,New,0,0,2022,9,17
CUST00251,28.0,female,24.0,month-to-month,electronic check,81.51,1952.15,0.0,No,81.33958333333334,1-2 Years,0,0,2019,8,24
CUST00312,45.0,male,26.0,two year,mailed check,66.09,1708.83,1.0,No,65.72423076923077,2-4 Years,0,0,2019,8,19
CUST00076,45.0,male,71.0,two year,credit card,56.61,4035.7,4.0,Yes,56.84084507042253,4+ Years,1,0,2022,9,26
CUST00001,23.0,female,19.0,month-to-month,bank transfer,57.71,1098.39,1.0,Yes,57.81,1-2 Years,0,0,2022,10,11
CUST00392,28.0,female,1.0,one year,credit card,60.73,54.07,1.0,No,54.07,New,0,0,2022,10,3
CUST00384,31.0,female,42.0,one year,electronic check,74.05,3107.35,1.0,No,73.98452380952381,2-4 Years,0,0,2019,5,24
CUST00069,22.0,female,48.0,month-to-month,mailed check,77.03,3698.91,2.0,No,77.060625,2-4 Years,0,0,2020,5,14
CUST00168,27.0,male,64.0,month-to-month,electronic check,76.22,4892.32,1.0,No,76.4425,4+ Years,0,0,2020,11,22
CUST00393,38.0,female,3.0,month-to-month,bank transfer,47.38,153.53,1.0,No,51.17666666666667,New,0,0,2021,3,18
CUST00219,43.0,male,16.0,month-to-month,bank transfer,59.16,949.6,2.0,No,59.35,1-2 Years,0,0,2020,4,4
CUST00043,57.0,female,50.0,two year,electronic check,82.61,4100.22,0.0,No,82.0044,4+ Years,0,0,2021,7,30
CUST00367,44.0,female,41.0,one year,mailed check,91.43,3741.95,0.0,No,91.2670731707317,2-4 Years,0,0,2022,1,19
CUST00346,32.0,male,64.0,two year,credit card,81.35,5194.67,1.0,No,81.16671875,4+ Years,0,0,2022,1,3
CUST00073,44.0,male,30.0,two year,electronic check,77.27,2318.75,1.0,No,77.29166666666667,2-4 Years,0,0,2021,1,11
CUST00024,70.0,female,57.0,one year,bank transfer,78.1,4439.75,0.0,No,77.89035087719299,4+ Years,0,1,2023,1,2
CUST00399,33.0,female,60.0,month-to-month,mailed check,113.19,2125.99,0.0,No,35.433166666666665,4+ Years,0,0,2022,10,16
CUST00186,43.0,male,2.0,month-to-month,bank transfer,27.21,68.33,0.0,No,34.165,New,0,0,2021,10,19
CUST00349,28.0,female,17.0,month-to-month,mailed check,94.89,1619.82,1.0,No,95.2835294117647,1-2 Years,0,0,2023,7,29
CUST00104,18.0,male,14.0,month-to-month,mailed check,76.91,2125.99,5.0,Yes,151.85642857142855,1-2 Years,1,0,2023,8,3
CUST00408,26.0,male,48.0,month-to-month,bank transfer,86.19,4123.49,1.0,No,85.90604166666667,2-4 Years,0,0,2020,12,8
CUST00212,58.0,female,50.0,month-to-month,electronic check,57.82,2900.78,0.0,No,58.015600000000006,4+ Years,0,0,2019,10,17
CUST00068,39.0,female,6.0,month-to-month,bank transfer,94.5,557.26,0.0,Yes,92.87666666666668,New,0,0,2020,11,15
CUST00026,54.0,female,3.0,two year,bank transfer,109.28,336.61,0.0,Yes,112.20333333333332,New,0,0,2022,8,18
CUST00197,37.0,female,70.0,month-to-month,bank transfer,98.71,6934.6,2.0,No,99.0657142857143,4+ Years,0,0,2020,8,17
CUST00176,44.0,female,7.0,month-to-month,bank transfer,62.32,432.26,0.0,No,61.75142857142857,New,0,0,2020,11,13
